"","final","seasonal","seasonaladj","trend","irregular","adjustfac"
"1",3737.64445443764,0.998142023800741,3737.64445443764,3738.55811859129,0.99975561055234,0.998142023800741
"2",3745.73103698276,0.995319728830055,3745.73103698276,3748.84318379175,0.999169838092336,0.995319728830055
"3",3763.4160898769,0.997737138367503,3763.4160898769,3760.37936863635,1.00080755714859,0.997737138367503
"4",3775.28203248396,0.998600890625254,3775.28203248396,3771.75956100866,1.00093390668687,0.998600890625254
"5",3776.35472064741,0.999853106848152,3776.35472064741,3784.2033014222,0.997925962177604,0.999853106848152
"6",3803.57409073861,1.00024343137252,3803.57409073861,3800.41507411566,1.00083122936872,1.00024343137252
"7",3814.38395899885,1.00191801378146,3814.38395899885,3819.65356199052,0.998620397660115,1.00191801378146
"8",3843.26357872075,1.00131045429908,3843.26357872075,3839.30350631985,1.0010314559384,1.00131045429908
"9",3857.67509618221,1.00322082692503,3857.67509618221,3854.04810035012,1.00094108732887,1.00322082692503
"10",3861.3569412164,1.00239373332337,3861.3569412164,3861.65096159455,0.999923861482803,1.00239373332337
"11",3867.62774328374,1.00110461942044,3867.62774328374,3864.59925433886,1.00078364889748,1.00110461942044
"12",3861.27536986617,1.0000063787561,3861.27536986617,3867.20137278126,0.998467624945316,1.0000063787561
"13",3847.96633402404,0.998189606296073,3847.96633402404,3873.59318704314,0.99338421672549,0.998189606296073
"14",3884.53738044855,0.995408106885949,3884.53738044855,3884.81610987468,0.999928251577875,0.995408106885949
"15",3921.69806140592,0.997782067545812,3921.69806140592,3899.11737670198,1.0057912297893,0.997782067545812
"16",3911.72149460787,0.998818552237362,3911.72149460787,3914.67190568,0.999246319706166,0.998818552237362
"17",3933.49532678771,0.999924920010532,3933.49532678771,3929.59930749661,1.0009914545953,0.999924920010532
"18",3939.57091420205,1.0002358342617,3939.57091420205,3943.40511118361,0.999027693865211,1.0002358342617
"19",3959.4344233577,1.00165821072918,3959.4344233577,3954.92453736473,1.00114032162949,1.00165821072918
"20",3964.0543054398,1.00127286211828,3964.0543054398,3964.28236458055,0.99994247151949,1.00127286211828
"21",3973.21305490419,1.00289109718937,3973.21305490419,3973.18808686925,1.00000628413113,1.00289109718937
"22",3966.62261816119,1.00236407209395,3966.62261816119,3984.46707729417,0.995521494145436,1.00236407209395
"23",3999.20548338378,1.00109884741719,3999.20548338378,4000.54607799187,0.999664897096058,1.00109884741719
"24",4020.42491205464,1.00001867661926,4020.42491205464,4021.64121864075,0.999697559647918,1.00001867661926
"25",4091.44467784388,0.998351516792978,4091.44467784388,4091.29407623166,1.00003681026331,0.998351516792978
"26",4117.52366109875,0.995622693982543,4117.52366109875,4110.49751193219,1.00170931843315,0.995622693982543
"27",4125.57173777332,0.997922290940952,4125.57173777332,4126.08445027523,0.999875738728064,0.997922290940952
"28",4135.50325822008,0.999031977979434,4135.50325822008,4140.70293921342,0.998744251623534,0.999031977979434
"29",4157.51991407701,1.00021168531749,4157.51991407701,4156.78633254934,1.00017647804553,1.00021168531749
"30",4176.34611970387,1.00018051192945,4176.34611970387,4175.54984336773,1.00019069975596,1.00018051192945
"31",4199.52874135086,1.00125520242241,4199.52874135086,4197.15932196944,1.00056452929223,1.00125520242241
"32",4215.99184596694,1.00116417540934,4215.99184596694,4220.33482455601,0.998970939802264,1.00116417540934
"33",4245.5141011204,1.00230499737994,4245.5141011204,4245.6352015593,0.999971476485109,1.00230499737994
"34",4275.29467955108,1.00219992331614,4275.29467955108,4273.41092788852,1.00044080751754,1.00219992331614
"35",4296.40778449715,1.00095247371947,4296.40778449715,4300.21364943947,0.999114959103762,1.00095247371947
"36",4334.76304585455,1.00037763405476,4334.76304585455,4321.37660051648,1.00309772708458,1.00037763405476
"37",4348.28998921611,0.998254488722018,4348.28998921611,4336.64278591781,1.0026857649738,0.998254488722018
"38",4341.58749966088,0.996124448719098,4341.58749966088,4350.88556744994,0.997862948210217,0.996124448719098
"39",4359.86605417968,0.998310486127752,4359.86605417968,4368.34152903174,0.9980597957381,0.998310486127752
"40",4396.03943930758,0.999399586981868,4396.03943930758,4391.3291603443,1.00107263172295,0.999399586981868
"41",4420.67947213342,1.0003891998679,4420.67947213342,4417.29069399945,1.00076716212917,1.0003891998679
"42",4439.64011012819,1.00008106284809,4439.64011012819,4441.45532218189,0.999591302417333,1.00008106284809
"43",4466.098792921,1.00062721565484,4466.098792921,4461.93846109228,1.00093240457371,1.00062721565484
"44",4476.35381664773,1.00106027886684,4476.35381664773,4481.67302891721,0.998813119066215,1.00106027886684
"45",4504.22672419576,1.00161476680674,4504.22672419576,4502.61455293858,1.00035805224681,1.00161476680674
"46",4523.40720268655,1.00207648723464,4523.40720268655,4524.14907466109,0.999836019555876,1.00207648723464
"47",4550.31030008122,1.00083284428289,4550.31030008122,4546.57794382831,1.00082091548831,1.00083284428289
"48",4567.01607334739,1.00089422208878,4567.01607334739,4570.82961049026,0.999165679435059,1.00089422208878
"49",4594.04523184384,0.998052863785094,4594.04523184384,4597.01094302778,0.999354860969292,0.998052863785094
"50",4648.29487633354,0.99662351964514,4648.29487633354,4623.88657313337,1.00527874177148,0.99662351964514
"51",4652.1117348805,0.998686245036919,4652.1117348805,4649.09809433735,1.00064822046814,0.998686245036919
"52",4671.66317023459,0.999879449734694,4671.66317023459,4670.16539494075,1.00032071140253,0.999879449734694
"53",4667.37342804407,1.00045562498667,4667.37342804407,4688.31827704259,0.995532545411629,1.00045562498667
"54",4709.61435551524,0.999848319743123,4709.61435551524,4706.46047225317,1.00067011786897,0.999848319743123
"55",4719.89660542159,1.00014902753963,4719.89660542159,4727.24343038551,0.998445854318248,1.00014902753963
"56",4757.43171795003,1.00108635969077,4757.43171795003,4751.14255947461,1.00132371495839,1.00108635969077
"57",4770.30993162641,1.00098317896338,4770.30993162641,4775.69195031723,0.998873038975962,1.00098317896338
"58",4804.13228515872,1.00182503609827,4804.13228515872,4799.63154735539,1.00093772568976,1.00182503609827
"59",4821.8898795867,1.00076943283774,4821.8898795867,4821.01335935367,1.00018181244641,1.00076943283774
"60",4834.94258783518,1.00137693717017,4834.94258783518,4839.28716202499,0.999102228480281,1.00137693717017
"61",4863.05167524259,0.997562913981991,4863.05167524259,4855.26689281156,1.0016033685898,0.997562913981991
"62",4863.92823971824,0.997300897737135,4863.92823971824,4869.95986196607,0.998761463663193,0.997300897737135
"63",4889.73872763708,0.999112687225484,4889.73872763708,4887.04396044246,1.00055141046744,0.999112687225484
"64",4888.59481502518,1.00032835304122,4888.59481502518,4906.91298048224,0.99626686563835,1.00032835304122
"65",4931.58304525026,1.00030759996046,4931.58304525026,4929.52851055903,1.0004167811763,1.00030759996046
"66",4978.78398727162,0.999742108258783,4978.78398727162,4953.61370816071,1.00508119538458,0.999742108258783
"67",4972.13136851145,0.999611561246415,4972.13136851145,4976.22347808731,0.999177667644171,0.999611561246415
"68",4999.41802477042,1.00117653198841,4999.41802477042,4996.26905860737,1.00063026352787,1.00117653198841
"69",5017.41933038004,1.00061399484817,5017.41933038004,5015.17171566405,1.00044816306269,1.00061399484817
"70",5005.90955676321,1.001596202078,5005.90955676321,5034.53923835778,0.994313346219166,1.001596202078
"71",5052.01683861611,1.00070925365024,5052.01683861611,5055.56664394089,0.999297842245037,1.00070925365024
"72",5088.56824143995,1.00175525965974,5088.56824143995,5080.23839930489,1.00163965575635,1.00175525965974
"73",5099.28527337744,0.997335847545465,5099.28527337744,5109.97581902005,0.997907906804017,0.997335847545465
"74",5144.19341056038,0.997785190086946,5144.19341056038,5142.78516447743,1.0002738294597,0.997785190086946
"75",5177.22552735725,0.999241770068446,5177.22552735725,5174.16248089346,1.00059198884362,0.999241770068446
"76",5204.84256719434,1.00060663368102,5204.84256719434,5200.85789054054,1.00076615757201,1.00060663368102
"77",5222.49547858602,1.00024978890251,5222.49547858602,5221.22432239997,1.00024345940867,1.00024978890251
"78",5231.67050246094,0.999642465545172,5231.67050246094,5236.56778268507,0.999064791973032,0.999642465545172
"79",5255.45789640931,0.999323009244972,5255.45789640931,5252.44568743629,1.00057348693395,0.999323009244972
"80",5268.67334859948,1.00120080539861,5268.67334859948,5271.99768665194,0.999369434842341,1.00120080539861
"81",5293.41195358182,1.00060226682641,5293.41195358182,5295.62815855774,0.999581502909652,1.00060226682641
"82",5322.36765991154,1.00115218272774,5322.36765991154,5320.3487010864,1.00037947866551,1.00115218272774
"83",5349.02953277227,1.00040576841358,5349.02953277227,5344.663698899,1.00081685848151,1.00040576841358
"84",5366.56877277178,1.00224188447733,5366.56877277178,5368.66411873393,0.999609708129283,1.00224188447733
"85",5386.12855872057,0.997113618084542,5386.12855872057,5392.43932228667,0.998829701515599,0.997113618084542
"86",5356.23575695494,0.998547972043868,5356.23575695494,5415.1348275174,0.989123249477896,0.998547972043868
"87",5458.40888333194,0.999228917543206,5458.40888333194,5434.78176842251,1.00434738981549,0.999228917543206
"88",5455.68337910441,1.00066290886847,5455.68337910441,5452.51712331947,1.00058069616534,1.00066290886847
"89",5459.10449196042,1.00020067541136,5459.10449196042,5474.03058077887,0.997273290932852,1.00020067541136
"90",5496.18177399252,0.999639427137963,5496.18177399252,5502.78679084168,0.998799696026721,0.999639427137963
"91",5553.9290999214,0.999076491645982,5553.9290999214,5537.47192404839,1.00297196556456,0.999076491645982
"92",5582.4832072152,1.00080910100705,5582.4832072152,5573.05799584301,1.00169120999265,1.00080910100705
"93",5596.52085931087,1.00092542149298,5596.52085931087,5604.94419612669,0.998497159557512,1.00092542149298
"94",5633.05936498948,1.00082382142808,5633.05936498948,5631.91847812774,1.0002025751733,1.00082382142808
"95",5661.00809396256,1.00001623492422,5661.00809396256,5656.41888830596,1.00081132705113,1.00001623492422
"96",5677.3952917117,1.00259004482386,5677.3952917117,5680.12376004192,0.999519646323659,1.00259004482386
"97",5703.99616644629,0.997528720911629,5703.99616644629,5703.30639390832,1.00012094257091,0.997528720911629
"98",5728.29449557521,0.999215386782457,5728.29449557521,5728.36523533211,0.999987650969519,0.999215386782457
"99",5756.55936854988,0.998912654565142,5756.55936854988,5759.52718386299,0.999484711987917,0.998912654565142
"100",5736.9795482066,1.00044108286148,5736.9795482066,5795.83850266927,0.98984461792102,1.00044108286148
"101",5837.13564848329,1.00013094633443,5837.13564848329,5833.06370820758,1.00069807917064,1.00013094633443
"102",5873.97412495823,0.999612847297272,5873.97412495823,5867.90949738608,1.001033524388,0.999612847297272
"103",5896.25787892219,0.998938669398338,5896.25787892219,5898.42821031886,0.999632049196958,0.998938669398338
"104",5922.32195561227,1.00045219500186,5922.32195561227,5925.92237030977,0.999392429655248,1.00045219500186
"105",5957.11314228397,1.00142465948075,5957.11314228397,5954.04691984005,1.00051498123632,1.00142465948075
"106",5945.53702508822,1.00054963233151,5945.53702508822,5985.89842680399,0.993257252489445,1.00054963233151
"107",6016.81532085151,0.999764772429261,6016.81532085151,6018.98545964996,0.999639451064802,0.999764772429261
"108",6054.81210422194,1.00259097978732,6054.81210422194,6049.48022265554,1.00088137846066,1.00259097978732
"109",6086.11686141351,0.997992667296455,6086.11686141351,6078.91082890004,1.00118541507127,0.997992667296455
"110",6099.80316011354,0.999901118102058,6099.80316011354,6111.1652067049,0.998140772470218,0.999901118102058
"111",6141.06842916648,0.998686152212836,6141.06842916648,6148.24848565232,0.998832178546038,0.998686152212836
"112",6198.6876171852,1.00013105722775,6198.6876171852,6188.97899478909,1.00156869532184,1.00013105722775
"113",6232.75138952576,0.999895489249442,6232.75138952576,6228.65463492829,1.00065772704341,0.999895489249442
"114",6262.95903553102,0.999575434628275,6262.95903553102,6264.40809151831,0.999768684292893,0.999575434628275
"115",6294.2714414138,0.998940077262968,6294.2714414138,6297.51870233391,0.999484358669883,0.998940077262968
"116",6330.20841186065,1.0002672247151,6330.20841186065,6331.22403261891,0.999839585401965,1.0002672247151
"117",6375.60118926745,1.00170945616092,6375.60118926745,6369.9439862792,1.00088810874953,1.00170945616092
"118",6408.66889133173,1.00042615849166,6408.66889133173,6412.57565390335,0.999390765461108,1.00042615849166
"119",6451.0733623711,0.99963209806527,6451.0733623711,6460.0832633139,0.998605296468241,0.99963209806527
"120",6525.62209820536,1.00235654188416,6525.62209820536,6512.1790189784,1.00206429816929,1.00235654188416
"121",6550.59179698557,0.998825785940576,6550.59179698557,6564.8435628728,0.997829077608515,0.998825785940576
"122",6624.86542428927,1.0000655976662,6624.86542428927,6612.19795199569,1.00191577330043,1.0000655976662
"123",6695.32736754969,0.998681562966962,6695.32736754969,6651.71584384641,1.00655643216383,0.998681562966962
"124",6680.31079232629,0.999818752096432,6680.31079232629,6685.36243817914,0.999244372178837,0.999818752096432
"125",6713.05810010334,0.999499765970551,6713.05810010334,6715.05397145706,0.999702776573025,0.999499765970551
"126",6751.00328863137,0.999392195729148,6751.00328863137,6744.59456245314,1.00095020184221,0.999392195729148
"127",6774.36342382878,0.999134468663409,6774.36342382878,6779.51732405623,0.999239783603891,0.999134468663409
"128",6799.92914369501,1.00042218914996,6799.92914369501,6817.22979499504,0.997462216791822,1.00042218914996
"129",6875.72956216705,1.00187186504597,6875.72956216705,6853.49676339502,1.00324400806473,1.00187186504597
"130",6892.11977439972,1.00024378937907,6892.11977439972,6887.43149981078,1.00068069999521,1.00024378937907
"131",6912.09406488791,0.999668108554893,6912.09406488791,6919.64683806782,0.998908503084527,0.999668108554893
"132",6938.45574016923,1.00198088167533,6938.45574016923,6949.53151623841,0.998406255724821,1.00198088167533
"133",6992.34682075966,0.999292537843665,6992.34682075966,6974.46806967963,1.00256345729902,0.999292537843665
"134",7001.06589887183,1.00010485562324,7001.06589887183,6994.11140785792,1.00099433517832,1.00010485562324
"135",7002.88115323058,0.999117341406297,7002.88115323058,7010.24292660637,0.998949854740719,0.999117341406297
"136",7006.96929735974,0.999604779578414,7006.96929735974,7026.7788023565,0.997180855473903,0.999604779578414
"137",7059.52840755804,0.999046904103277,7059.52840755804,7047.01924906797,1.00177509923671,0.999046904103277
"138",7076.92908271089,0.998978500049046,7076.92908271089,7071.13988207457,1.00081870826103,0.998978500049046
"139",7084.95753639819,0.999624904399986,7084.95753639819,7095.26522772268,0.998547243690875,0.999624904399986
"140",7117.89982550784,1.00053388985309,7117.89982550784,7119.73857662005,0.999741738956787,1.00053388985309
"141",6994.45392887543,1.00179371702954,6994.45392887543,7143.46423187658,0.979140330494522,1.00179371702954
"142",7211.38617067542,1.00020992209941,7211.38617067542,7161.95659771265,1.00690168563414,1.00020992209941
"143",7183.51289644873,0.999831155527077,7183.51289644873,7172.92671525547,1.00147585241192,0.999831155527077
"144",7155.71529132959,1.00153509582525,7155.71529132959,7181.0143466124,0.996476952410666,1.00153509582525
"145",7186.02365776995,0.999801885181882,7186.02365776995,7195.93833479545,0.998622184270597,0.999801885181882
"146",7226.28734860215,0.999849528734509,7226.28734860215,7220.16119318714,1.00084847903684,0.999849528734509
"147",7246.81506048402,0.999528750153617,7246.81506048402,7249.1022073552,0.999684492395642,0.999528750153617
"148",7315.79211847406,0.999549998356877,7315.79211847406,7279.12030365574,1.00503794597266,0.999549998356877
"149",7298.85216278578,0.998636475631535,7298.85216278578,7310.78068045222,0.99836836609005,0.998636475631535
"150",7333.25112103142,0.998533921605305,7333.25112103142,7342.46098551318,0.998745670627336,0.998533921605305
"151",7385.42022892447,1.00025452459268,7385.42022892447,7370.49166097302,1.00202545076206,1.00025452459268
"152",7407.53575005609,1.00068366189713,7407.53575005609,7391.88099212224,1.00211783143567,1.00068366189713
"153",7379.71006666841,1.00159761470641,7379.71006666841,7410.95971906025,0.995783319087342,1.00159761470641
"154",7433.12696479602,1.00027889140247,7433.12696479602,7434.57122384272,0.999805737411988,1.00027889140247
"155",7463.66036383706,1.00001870880455,7463.66036383706,7465.67862492835,0.999729661402172,1.00001870880455
"156",7512.85598103234,1.00093759536792,7512.85598103234,7501.74152659024,1.00148158323007,1.00093759536792
"157",7540.46105023582,1.00011125974375,7540.46105023582,7536.92786968103,1.00046878258833,1.00011125974375
"158",7551.69644747585,0.999589966638968,7551.69644747585,7568.51355153759,0.99777801757938,0.999589966638968
"159",7613.02734173731,0.999799377873119,7613.02734173731,7600.69698598434,1.00162226645474,0.999799377873119
"160",7636.56746721701,0.999729267471821,7636.56746721701,7634.3766107373,1.00028697254425,0.999729267471821
"161",7661.92307359914,0.998483008314298,7661.92307359914,7670.72038999359,0.998853130351886,0.998483008314298
"162",7713.73793445757,0.998167174646366,7713.73793445757,7710.44537040495,1.00042702644198,0.998167174646366
"163",7748.82476327708,1.00105502924284,7748.82476327708,7752.43683238388,0.999534073068263,1.00105502924284
"164",7847.05495842323,1.00064292165704,7847.05495842323,7796.48964142114,1.00648565179045,1.00064292165704
"165",7844.44773874655,1.0011794662367,7844.44773874655,7837.34229124067,1.00090661441619,1.0011794662367
"166",7865.27428937796,1.00027026528813,7865.27428937796,7875.45338665659,0.998707490632111,1.00027026528813
"167",7923.24862071701,0.999918137023327,7923.24862071701,7913.67470221905,1.00120979429383,0.999918137023327
"168",7945.23191396361,1.00065046383697,7945.23191396361,7956.08216975078,0.998636231306356,1.00065046383697
"169",8002.81904230368,1.00053493121283,8002.81904230368,8001.65839355728,1.00014505102434,1.00053493121283
"170",8046.5684801789,0.999233402388347,8046.5684801789,8046.47101136667,1.00001211323723,0.999233402388347
"171",8099.49563988154,0.999914113185257,8099.49563988154,8085.5187344517,1.00172863435098,0.999914113185257
"172",8106.65877134969,1.00006676346761,8106.65877134969,8118.82086154683,0.998501988108304,1.00006676346761
"173",8187.54019641987,0.998651585683244,8187.54019641987,8148.28130910148,1.00481805743188,0.998651585683244
"174",8173.45133140638,0.998060631823246,8173.45133140638,8181.38366103341,0.999030441554182,0.998060631823246
"175",8225.06858872059,1.00143845746109,8225.06858872059,8223.3290767162,1.00021153379467,1.00143845746109
"176",8268.35874557012,1.0003920069907,8268.35874557012,8274.85313447751,0.999215165658914,1.0003920069907
"177",8334.37136269242,1.000855329934,8334.37136269242,8333.22550947947,1.0001375041647,1.000855329934
"178",8396.7691526945,1.00003940173887,8396.7691526945,8393.02818623096,1.0004457230907,1.00003940173887
"179",8446.03519222735,0.999818235160948,8446.03519222735,8446.63745019587,0.999928698494274,0.999818235160948
"180",8500.68807318871,1.00043666192423,8500.68807318871,8490.2114241428,1.0012339679806,1.00043666192423
"181",8490.83547608592,1.00080846271647,8490.83547608592,8527.56626612207,0.995692699547575,1.00080846271647
"182",8566.07850966418,0.999185332044726,8566.07850966418,8565.95794929351,1.00001407435939,0.999185332044726
"183",8596.80178765951,1.00018590778059,8596.80178765951,8610.21737816617,0.998441898744544,1.00018590778059
"184",8675.20300782293,1.00036852073366,8675.20300782293,8661.88782603981,1.00153721475624,1.00036852073366
"185",8679.61445508269,0.99907663466803,8679.61445508269,8716.63877861627,0.99575245407388,0.99907663466803
"186",8770.6908004342,0.998028570288517,8770.6908004342,8767.8953049683,1.0003188331257,0.998028570288517
"187",8841.47499764625,1.00139399843997,8841.47499764625,8815.43422545368,1.00295399767346,1.00139399843997
"188",8850.75567891331,0.999925918312843,8850.75567891331,8857.86811358872,0.999197048930487,0.999925918312843
"189",8895.98929380022,1.00049580839793,8895.98929380022,8894.28839979337,1.00019123441139,1.00049580839793
"190",8940.70610612745,0.999753251465682,8940.70610612745,8926.65136165654,1.00157446996656,0.999753251465682
"191",8948.31136669712,0.999764048588544,8948.31136669712,8962.68828011003,0.998395915046514,0.999764048588544
"192",8977.21126271267,1.00043317876493,8977.21126271267,9003.7288497499,0.997054821676691,1.00043317876493
"193",9061.95739891422,1.00106407486389,9061.95739891422,9048.36243701613,1.00150247760219,1.00106407486389
"194",9102.36364383071,0.999300880070307,9102.36364383071,9095.10493749013,1.00079808934481,0.999300880070307
"195",9128.52861701317,1.00047887049164,9128.52861701317,9140.37568888967,0.998703874733411,1.00047887049164
"196",9185.5667630149,1.0006568170632,9185.5667630149,9185.81185717203,0.999973318182329,1.0006568170632
"197",9235.94519389444,0.999551188989604,9235.94519389444,9234.2960416546,1.00017858992525,0.999551188989604
"198",9277.27738355239,0.998094550499942,9277.27738355239,9281.94844013107,0.999496759047003,0.998094550499942
"199",9335.58378090824,1.00088009697996,9335.58378090824,9321.31505103423,1.00153076360963,1.00088009697996
"200",9347.08770662188,0.999477087754465,9347.08770662188,9350.16489703439,0.999670894530055,0.999477087754465
"201",9374.02996460923,1.00014615223078,9374.02996460923,9374.38605222501,0.99996201483342,1.00014615223078
"202",9397.48981848895,0.999586078988743,9397.48981848895,9401.40525510148,0.999583526450962,0.999586078988743
"203",9401.79851689638,0.999829977541689,9401.79851689638,9437.11943797152,0.996257234921387,0.999829977541689
"204",9484.47649365323,1.00040313309325,9484.47649365323,9480.97274295012,1.00036955603587,1.00040313309325
"205",9528.28814941476,1.00109273044874,9528.28814941476,9525.15210613174,1.00032923813164,1.00109273044874
"206",9570.63988776582,0.999515195658782,9570.63988776582,9566.16012056408,1.0004682931443,0.999515195658782
"207",9602.63345886586,1.00094417236407,9602.63345886586,9604.6508268104,0.99978995926235,1.00094417236407
"208",9633.94960699616,1.00100170681782,9633.94960699616,9641.94075566283,0.999171209524184,1.00100170681782
"209",9686.49221407366,0.999928538209874,9686.49221407366,9679.99202192317,1.00067150800701,0.999928538209874
"210",9725.51552712405,0.998075626215202,9725.51552712405,9719.45133561768,1.00062392323362,0.998075626215202
"211",9747.80722822432,1.00033779615236,9747.80722822432,9759.36644575844,0.998815577056322,1.00033779615236
"212",9806.34535589554,0.999240761402405,9806.34535589554,9802.48801689156,1.00039350611777,0.999240761402405
"213",9849.27049682842,0.999576567946859,9849.27049682842,9850.03427319157,0.999922459522275,0.999576567946859
"214",9888.34087418885,0.999429542907085,9888.34087418885,9898.88356974599,0.998934961151643,0.999429542907085
"215",9956.7153337592,0.999918112175364,9956.7153337592,9939.30948105279,1.00175121347611,0.999918112175364
"216",9967.25918792136,1.00055590127378,9967.25918792136,9967.2634058166,0.999999576825145,1.00055590127378
"217",9986.86145868425,1.00095510900549,9986.86145868425,9985.83734804973,1.00010255631039,1.00095510900549
"218",9985.32612968173,0.999636854156325,9985.32612968173,9999.10091262362,0.998622397847341,0.999636854156325
"219",10019.1546204428,1.00161145128195,10019.1546204428,10012.0670321353,1.00070790459999,1.00161145128195
"220",10026.3613364288,1.00132285378516,10026.3613364288,10024.4021592136,1.00019544080376,1.00132285378516
"221",10031.798803112,1.00011589054278,10031.798803112,10032.1053325063,0.999969445157908,1.00011589054278
"222",10038.0228309431,0.998130783250609,10038.0228309431,10036.3738297759,1.00016430248565,0.998130783250609
"223",10019.2045151505,0.999677573982641,10019.2045151505,10038.2970125493,0.99809803422085,0.999677573982641
"224",10044.6943624977,0.999083206324088,10044.6943624977,10041.3610221592,1.00033196100918,0.999083206324088
"225",10046.9626354766,0.999188819386569,10046.9626354766,10044.7033874625,1.00022491933578,0.999188819386569
"226",10040.4326996709,0.999369280203321,10040.4326996709,10047.1709828102,0.999329335277477,0.999369280203321
"227",9885.21105111455,0.999998882055781,9885.21105111455,9869.26307069346,1.00161592413809,0.999998882055781
"228",9867.36586125717,1.00057135048857,9867.36586125717,9870.56268990687,0.999676124983942,1.00057135048857
"229",9839.67345272186,1.00076491840042,9839.67345272186,9873.41963384278,0.996582118215127,1.00076491840042
"230",9897.25491229479,0.999696829617665,9897.25491229479,9876.73528774682,1.00207757158111,0.999696829617665
"231",9882.32555948673,1.00233074614573,9882.32555948673,9877.96883841528,1.00044105434454,1.00233074614573
"232",9879.05150146729,1.00160307329634,9879.05150146729,9877.08120730913,1.00019948141731,1.00160307329634
"233",9875.6773473948,1.00025034702624,9875.6773473948,9875.875433246,0.999979942451427,1.00025034702624
"234",9871.27746819505,0.998087636756654,9871.27746819505,9879.07453496041,0.999210749272337,0.998087636756654
"235",9895.25577605764,0.999094942439051,9895.25577605764,9892.10645397152,1.00031836718507,0.999094942439051
"236",9886.54687765283,0.99893326796325,9886.54687765283,9913.64640815389,0.997266441692052,0.99893326796325
"237",9937.47067062089,0.999026847882985,9937.47067062089,9941.45778036219,0.999598941138273,0.999026847882985
"238",9982.12660120717,0.999456368224531,9982.12660120717,9971.06349534541,1.00110952115258,0.999456368224531
"239",9989.88106365701,1.00012151832041,9989.88106365701,10000.2764375244,0.998960491349185,1.00012151832041
"240",10047.5624548924,1.00050136987257,10047.5624548924,10029.7357003636,1.00177739025846,1.00050136987257
"241",10050.5785517057,1.00054936621468,10050.5785517057,10059.8272602057,0.999080629491858,1.00054936621468
"242",10095.633182098,0.99977879722275,10095.633182098,10092.4235954352,1.00031801941649,0.99977879722275
"243",10129.1423255509,1.002651525034,10129.1423255509,10128.8421389326,1.00002963681477,1.002651525034
"244",10164.1718129503,1.00178353803766,10164.1718129503,10167.4900970159,0.999673637836482,1.00178353803766
"245",10208.6370966881,1.00021186993831,10208.6370966881,10208.103389679,1.0000522826806,1.00021186993831
"246",10250.5520132276,0.998121855954411,10250.5520132276,10246.2132286066,1.00042345250135,0.998121855954411
"247",10280.4134425844,0.998802242472722,10280.4134425844,10281.5486659418,0.999889586345956,0.998802242472722
"248",10319.0639695698,0.99884059546437,10319.0639695698,10315.0666608285,1.00038752136779,0.99884059546437
"249",10336.4742440608,0.999093090754207,10336.4742440608,10349.5699693256,0.998734659961371,0.999093090754207
"250",10388.5744582786,0.999790687520472,10388.5744582786,10387.6446935327,1.00008950679132,0.999790687520472
"251",10431.5554388858,1.00019599772308,10431.5554388858,10427.9089839976,1.00034968227031,1.00019599772308
"252",10466.9383741262,1.00038804335409,10466.9383741262,10468.4069409725,0.999859714390682,1.00038804335409
"253",10511.5843112724,1.00025835199026,10511.5843112724,10508.748705484,1.00026983286668,1.00025835199026
"254",10543.3428754847,0.999739847644422,10543.3428754847,10548.9679933882,0.999466761307172,0.999739847644422
"255",10592.8648915805,1.00253331923839,10592.8648915805,10590.6156061332,1.00021238476883,1.00253331923839
"256",10633.6169999891,1.0017381667979,10633.6169999891,10633.1332036139,1.00004549894804,1.0017381667979
"257",10671.0440668151,1.00010832428183,10671.0440668151,10673.5794015573,0.999762466306114,1.00010832428183
"258",10712.7433790506,0.998325043509799,10712.7433790506,10710.0854162026,1.00024817382352,0.998325043509799
"259",10744.4476856844,0.998804248849248,10744.4476856844,10741.4188683496,1.00028197553525,0.998804248849248
"260",10760.6974382502,0.999033757959471,10760.6974382502,10765.6805167284,0.999537132978226,0.999033757959471
"261",10791.5422436839,0.999226964645501,10791.5422436839,10782.7700826666,1.00081353501467,0.999226964645501
"262",10801.2653662665,1.00015133724411,10801.2653662665,10798.6811699579,1.00023930665865,1.00015133724411
"263",10801.9544538296,1.00044858050375,10801.9544538296,10820.6752210708,0.998269907666691,1.00044858050375
"264",10815.0162372397,1.00025739792704,10815.0162372397,10852.1833703431,0.996575146969501,1.00025739792704
"265",10898.5562712915,0.999838852849147,10898.5562712915,10892.6758595213,1.00053985006495,0.999838852849147
"266",10991.9075992779,0.999571721356332,10991.9075992779,10935.9941746553,1.00511278844243,0.999571721356332
"267",10971.4639148155,1.00204494909328,10971.4639148155,10970.9406261807,1.00004769770001,1.00204494909328
"268",11003.727369674,1.00134251148085,11003.727369674,10992.2829876293,1.00104112876803,1.00134251148085
"269",11006.3447042113,1.00004136666631,11006.3447042113,11003.5926894715,1.00025010147299,1.00004136666631
"270",11003.9419745641,0.998714826505193,11003.9419745641,11014.3884310118,0.999051562734227,0.998714826505193
"271",11026.9637737989,0.999078279932046,11026.9637737989,11033.2942929142,0.999426234907977,0.999078279932046
"272",11061.8808101149,0.999468371589259,11061.8808101149,11064.485736637,0.999764568676386,0.999468371589259
"273",11111.4325538774,0.999448086117824,11111.4325538774,11100.9310585367,1.00094600131154,0.999448086117824
"274",11133.4983937934,1.00035043847573,11133.4983937934,11135.0570396973,0.999860023536624,1.00035043847573
"275",11170.4250580333,1.00071393361714,11170.4250580333,11165.6969593481,1.0004234485946,1.00071393361714
"276",11178.4368723925,1.00024718371979,11178.4368723925,11194.1414393964,0.998597072666187,1.00024718371979
"277",11253.1250068932,0.999349069090704,11253.1250068932,11219.5169099986,1.0029955030296,0.999349069090704
"278",11290.4328818394,0.999261951961749,11290.4328818394,11240.2992258373,1.00446017094339,0.999261951961749
"279",11252.6196170384,1.00144680825583,11252.6196170384,11257.0263673211,0.999608533360509,1.00144680825583
"280",11249.2976124977,1.00088915662532,11249.2976124977,11274.4672581849,0.997767553436381,1.00088915662532
"281",11295.6491569532,0.999951383320642,11295.6491569532,11295.7111574357,0.999994511148383,0.999951383320642
"282",11327.0595928691,0.999244323489346,11327.0595928691,11322.3467313807,1.00041624422924,0.999244323489346
"283",11353.7128842206,0.999391134486924,11353.7128842206,11350.8041835927,1.00025625502659,0.999391134486924
"284",11377.6834671601,0.999931140010853,11377.6834671601,11382.4627177471,0.999580121568981,0.999931140010853
"285",11417.4733613034,0.999687026963818,11417.4733613034,11421.1503782193,0.999678051965512,0.999687026963818
"286",11461.3859078984,1.00033277756567,11461.3859078984,11465.1953136665,0.999667741746751,1.00033277756567
"287",11520.0032829223,1.00098061752243,11520.0032829223,11508.8695587421,1.00096740380307,1.00098061752243
"288",11555.5115542442,1.00026727036197,11555.5115542442,11549.2610134324,1.0005412069919,1.00026727036197
"289",11554.7426520907,0.999044318647053,11554.7426520907,11588.5204622088,0.997085235321609,0.999044318647053
"290",11626.7612354957,0.999022837463884,11626.7612354957,11630.7437564486,0.999657586734233,0.999022837463884
"291",11685.2574273922,1.0008508646617,11685.2574273922,11679.0068322457,1.00053519920283,1.0008508646617
"292",11732.0233901963,1.00045828495434,11732.0233901963,11731.1436924627,1.00007498823274,1.00045828495434
"293",11780.1282292595,0.999870270575177,11780.1282292595,11784.9127354057,0.999594014291523,0.999870270575177
"294",11840.6664049038,0.999774809557788,11840.6664049038,11836.9075442347,1.00031755428139,0.999774809557788
"295",11882.7221822929,0.999703587928858,11882.7221822929,11888.3745646196,0.999524545403914,0.999703587928858
"296",11956.5037919283,1.00019204678154,11956.5037919283,11938.2602280555,1.00152815934016,1.00019204678154
"297",11965.4546381752,0.999953646711138,11965.4546381752,11983.6693303152,0.998480040491946,0.999953646711138
"298",12034.8281323468,1.00005582694209,12034.8281323468,12019.0078286263,1.00131627368465,1.00005582694209
"299",12046.6505648721,1.00097532796064,12046.6505648721,12042.3744094093,1.00035509238605,1.00097532796064
"300",12060.4559333385,1.00059235460923,12060.4559333385,12057.1933312099,1.0002705938305,1.00059235460923
"301",12049.8715057289,0.998890319641789,12049.8715057289,12070.8851812478,0.998259143782466,0.998890319641789
"302",12097.2629479389,0.998829243606602,12097.2629479389,12092.8504157991,1.00036488768058,0.998829243606602
"303",12127.4517672481,1.00039152765502,12127.4517672481,12128.5376963809,0.999910464957942,1.00039152765502
"304",12167.0166579093,1.0002698559707,12167.0166579093,12174.4034966084,0.999393248408337,1.0002698559707
"305",12235.232018105,0.999866613227884,12235.232018105,12226.594780206,1.00070643037201,0.999866613227884
"306",12267.3011428128,1.00024445940898,12267.3011428128,12277.4147502018,0.999176242914749,1.00024445940898
"307",12329.5478872476,0.999833904108544,12329.5478872476,12319.0729816907,1.00085029982146,0.999833904108544
"308",12356.167513892,1.00025351599551,12356.167513892,12345.4020783268,1.00087201984164,1.00025351599551
"309",12355.4150009343,1.00007972205431,12355.4150009343,12359.7615464977,0.999648330953065,1.00007972205431
"310",12365.8459402883,0.999713247253328,12365.8459402883,12371.8116539626,0.999517797890788,0.999713247253328
"311",12387.1437824034,1.00083604564365,12387.1437824034,12391.134044991,0.999677974382887,1.00083604564365
"312",12421.9498929345,1.0008734624724,12421.9498929345,12423.225151569,0.999897348826979,1.0008734624724
"313",12464.3503104467,0.999017172163682,12464.3503104467,12463.126911534,1.00009816147435,0.999017172163682
"314",12542.3551141011,0.998719928278613,12542.3551141011,12503.5445757752,1.00310396288754,0.998719928278613
"315",12505.6153070094,1.00009473288291,12505.6153070094,12544.3589057951,0.996911472393555,1.00009473288291
"316",12582.3547871755,1.00028970831662,12582.3547871755,12587.9071459393,0.999558913272914,1.00028970831662
"317",12624.6463045031,0.999980490185852,12624.6463045031,12633.1356645343,0.999328008480506,0.999980490185852
"318",12695.6258587831,1.0004784436218,12695.6258587831,12678.2344950311,1.00137174965165,1.0004784436218
"319",12721.8466596993,0.999902006388485,12721.8466596993,12720.1220308365,1.00013558272937,0.999902006388485
"320",12748.0423503711,1.0001378760425,12748.0423503711,12758.6169261551,0.999171181653527,1.0001378760425
"321",12804.6090423958,1.00017110695039,12804.6090423958,12797.1443169744,1.00058331181055,1.00017110695039
"322",12836.7241237779,0.999328167864736,12836.7241237779,12842.6323095308,0.999539955235772,0.999328167864736
"323",12847.2608261204,1.0004934261058,12847.2608261204,12896.5641171643,0.996177021213096,1.0004934261058
"324",12948.3209530201,1.00112594111876,12948.3209530201,12953.0409047232,0.999635610530546,1.00112594111876
"325",13023.9471185964,0.999320703737827,13023.9471185964,13007.6690135817,1.00125142367919,0.999320703737827
"326",13050.9542487876,0.998754554764525,13050.9542487876,13053.913121713,0.999773334409551,0.998754554764525
"327",13089.7005586785,0.999992317725064,13089.7005586785,13088.2381617407,1.00011173367414,0.999992317725064
"328",13121.9896200581,1.00043517638005,13121.9896200581,13113.6508038977,1.00063588822709,1.00043517638005
"329",13127.5282214415,1.0000892611723,13127.5282214415,13135.828628329,0.999368109380656,1.0000892611723
"330",13170.3404738498,1.000490460073,13170.3404738498,13166.6246975214,1.00028221175994,1.000490460073
"331",13200.4587678868,0.999836462662039,13200.4587678868,13211.6014127862,0.999156601493543,0.999836462662039
"332",13242.0623040799,0.999919778048501,13242.0623040799,13271.2234101236,0.997802681400009,0.999919778048501
"333",13362.6517430455,1.00018321640057,13362.6517430455,13342.9044627798,1.00147998363631,1.00018321640057
"334",13405.7142111338,0.999185853811147,13405.7142111338,13420.4588442269,0.998901331670984,0.999185853811147
"335",13492.2763509545,1.00025374880832,13492.2763509545,13496.9200179964,0.999655946168775,1.00025374880832
"336",13585.6119294901,1.00119155990867,13585.6119294901,13564.5501269393,1.00155270925712,1.00119155990867
"337",13623.8517654912,0.999724617857283,13623.8517654912,13623.617870235,1.00001716836589,0.999724617857283
"338",13671.9949237957,0.998917866494379,13671.9949237957,13679.5346368861,0.999448832632797,0.998917866494379
"339",13725.2698107635,0.999980342043017,13725.2698107635,13736.2812676576,0.999198366961224,0.999980342043017
"340",13803.0171257109,1.00045518122827,13803.0171257109,13797.8132903568,1.00037714928044,1.00045518122827
"341",13871.0141372498,1.00007828286666,13871.0141372498,13859.5376334361,1.00082805820203,1.00007828286666
"342",13909.0949258102,1.00027356734641,13909.0949258102,13915.332975929,0.999551713916608,1.00027356734641
"343",13966.5300453425,0.999718609752764,13966.5300453425,13966.5456003734,0.99999888626498,0.999718609752764
"344",14016.5797917137,0.999851619172105,14016.5797917137,14018.2832392332,0.999878483870643,0.999851619172105
"345",14028.1811156596,1.00017955886936,14028.1811156596,14072.0654779408,0.996881455508434,1.00017955886936
"346",14129.1032216268,0.999327400934244,14129.1032216268,14126.2170914826,1.00020431019327,0.999327400934244
"347",14185.3801878242,1.0001705849363,14185.3801878242,14179.5964512923,1.00040789147645,1.0001705849363
"348",14032.7221965269,1.00127400822326,14032.7221965269,14041.6823029436,0.999361892241728,1.00127400822326
"349",14105.2249618123,0.999941513742988,14105.2249618123,14102.3066386455,1.00020693942074,0.999941513742988
"350",14130.9008953216,0.999079966987393,14130.9008953216,14171.3296780059,0.997147142603913,0.999079966987393
"351",14245.4639815128,0.999925310855848,14245.4639815128,14245.9526794153,0.99996569566715,0.999925310855848
"352",14325.6100087093,1.0002575800464,14325.6100087093,14320.1708053603,1.00037982810561,1.0002575800464
"353",14391.2444765687,0.999958506866235,14391.2444765687,14389.1472546981,1.00014575025424,0.999958506866235
"354",14447.8472975139,0.999993622751768,14447.8472975139,14450.4429078164,0.999820378495041,0.999993622751768
"355",14507.368073752,0.999678788974213,14507.368073752,14504.5943567557,1.00019123023562,0.999678788974213
"356",14556.8177603968,1.00000219273081,14556.8177603968,14555.130142323,1.0001159466152,1.00000219273081
"357",14597.9124573008,1.00011744774854,14597.9124573008,14604.8324998124,0.999526181316238,1.00011744774854
"358",14659.4559444016,0.99979182837365,14659.4559444016,14654.6691647186,1.0003266385361,0.99979182837365
"359",14704.2429851873,1.00025168324601,14704.2429851873,14706.0706280613,0.999875721875666,1.00025168324601
"360",14760.7570604209,1.00120674349997,14760.7570604209,14760.2332627331,1.0000354870874,1.00120674349997
"361",14811.326858549,0.999959159613362,14811.326858549,14815.4965399326,0.999718559457505,0.999959159613362
"362",14875.0910112219,0.999189367390599,14875.0910112219,14870.7872193485,1.00028941251125,0.999189367390599
"363",14929.5111770519,0.999830463199318,14929.5111770519,14926.2304661484,1.00021979500524,0.999830463199318
"364",14975.1315999169,0.999923102658696,14975.1315999169,14981.7350607769,0.999559232569981,0.999923102658696
"365",15038.1146198886,0.999797370891504,15038.1146198886,15038.0285488433,1.00000572355911,0.999797370891504
"366",15095.5635760258,0.99971472688417,15095.5635760258,15093.6308528517,1.00012804892295,0.99971472688417
"367",15150.5240537353,0.999764601628212,15150.5240537353,15147.2410797625,1.00021673742139,0.999764601628212
"368",15197.5118368974,1.00032639708712,15197.5118368974,15197.5076189298,1.00000027754338,1.00032639708712
"369",15242.7440393796,1.00008749340137,15242.7440393796,15246.3640951933,0.999762562681102,1.00008749340137
"370",15298.0112164009,1.00026306546313,15298.0112164009,15296.659991605,1.0000883346297,1.00026306546313
"371",15347.9992492716,1.00031889553083,15347.9992492716,15349.3665776701,0.999910919555432,1.00031889553083
"372",15406.4495998962,1.00110044335407,15406.4495998962,15404.6601330829,1.0001161639918,1.00110044335407
"373",15458.0790151303,0.999877733522474,15458.0790151303,15460.60288345,0.999836754857574,0.999877733522474
"374",15519.1299674161,0.999291220973992,15519.1299674161,15515.9329744777,1.00020604580747,0.999291220973992
"375",15576.3192867031,0.999727440673477,15576.3192867031,15571.5124513685,1.00030869418431,0.999727440673477
"376",15625.5285756044,0.999562985944997,15625.5285756044,15629.9087466666,0.99971975709307,0.999562985944997
"377",15630.3927459629,0.999616596584598,15630.3927459629,15697.630904687,0.995716668385668,0.999616596584598
"378",15808.2306817958,0.999605858370792,15808.2306817958,15777.6982530805,1.00193516368646,0.999605858370792
"379",15816.5939950386,0.999892897608733,15816.5939950386,15869.4423440419,0.996669804278084,0.999892897608733
"380",15982.2733353041,1.00055227842189,15982.2733353041,15965.8316745777,1.00102980296057,1.00055227842189
"381",16087.0351768372,1.00011592087307,16087.0351768372,16057.8068345711,1.0018201951591,1.00011592087307
"382",16151.0400962357,1.00057592762115,16151.0400962357,16141.9284116251,1.00056447311487,1.00057592762115
"383",16217.3732380864,1.00037451946431,16217.3732380864,16220.8229214901,0.999787329938784,1.00037451946431
"384",16290.2684509529,1.00098411816204,16290.2684509529,16298.7646317656,0.99947872240598,1.00098411816204
